; Number of ROIs: 4
; File Dimension: 1203 x 1181
;
; ROI name: Fire3-class0
; ROI rgb value: {255, 0, 0}
; ROI npts: 5
;
; ROI name: Fire3-class2
; ROI rgb value: {0, 128, 0}
; ROI npts: 5
;
; ROI name: Fire3-class3
; ROI rgb value: {0, 0, 255}
; ROI npts: 5
;
; ROI name: Fire3-Class4
; ROI rgb value: {255, 255, 0}
; ROI npts: 5
;
File X, File Y, Map X, Map Y, Lat, Lon, B1, B2, B3, B4, B5, B6, B7, B8, B9, B10, B11, B12, B13, B14, B15, B16, B17, B18, B19, B20, B21, B22, B23, B24, B25, B26, B27, B28, B29, B30, B31, B32, B33, B34, B35, B36, B37, B38, B39, B40, B41, B42, B43, B44, B45, B46, B47, B48, B49, B50, B51, B52, B53, B54, B55, B56, B57, B58, B59, B60, B61, B62, B63, B64, B65, B66, B67, B68, B69, B70, B71, B72, B73, B74, B75, B76, B77, B78, B79, B80, B81, B82, B83, B84, B85, B86, B87, B88, B89, B90, B91, B92, B93, B94, B95, B96, B97, B98, B99, B100, B101, B102, B103, B104, B105, B106, B107, B108, B109, B110, B111, B112, B113, B114, B115, B116, B117, B118, B119, B120, B121, B122, B123, B124, B125, B126, B127, B128, B129, B130, B131, B132, B133, B134, B135, B136, B137, B138, B139, B140, B141, B142, B143, B144, B145, B146, B147, B148, B149, B150, B151, B152, B153, B154, B155, B156, B157, B158, B159, B160, B161, B162, B163, B164, B165, B166, B167, B168, B169, B170, B171, B172, B173, B174, B175, B176, B177, B178, B179, B180, B181, B182, B183, B184, B185, B186, B187, B188, B189, B190, B191, B192, B193, B194, B195, B196, B197, B198, B199, B200, B201, B202, B203, B204, B205, B206, B207, B208, B209, B210, B211, B212, B213, B214, B215, B216, B217, B218, B219, B220, B221, B222, B223, B224, B225, B226, B227, B228, B229, B230

 341,  118,  330532.2744,  6528647.5000,  -31.36433634,  151.21815960,  0.080801,  0.070549,  0.071461,  0.070270,  0.075428,  0.079429,  0.076611,  0.071214,  0.065842,  0.068709,  0.068331,  0.064971,  0.067657,  0.066433,  0.068084,  0.062235,  0.065061,  0.067838,  0.067953,  0.069267,  0.069711,  0.069686,  0.072923,  0.073555,  0.073112,  0.076587,  0.072915,  0.074172,  0.077252,  0.078591,  0.077310,  0.075355,  0.076505,  0.074508,  0.074993,  0.084580,  0.099711,  0.106250,  0.113340,  0.138666,  0.145829,  0.142092,  0.135832,  0.178105,  0.156969,  0.162497,  0.164116,  0.158028,  0.171451,  0.178393,  0.175937,  0.177966,  0.176413,  0.180422,  0.177506,  0.171870,  0.180266,  0.176701,  0.129761,  0.176208,  0.185088,  0.165774,  0.193744,  0.201907,  0.199359,  0.199115,  0.202106,  0.199161,  0.197833,  0.203998,  0.214252,  0.222095,  0.225971,  0.229191,  0.235584,  0.236667,  0.229282,  0.195346,  0.199496,  0.207630,  0.205966,  0.217670,  0.217182,  0.223972,  0.231647,  0.238514,  0.242771,  0.242802,  0.248966,  0.264530,  0.284230,  0.275959,  0.268452,  0.266850,  0.262181,  0.261494,  0.253407,  0.243809,  0.199023,  0.004807,  0.002319,  0.000900,  0.001282,  0.002365,  0.007431,  0.014405,  0.019135,  0.035386,  0.161135,  0.148501,  0.160723,  0.182132,  0.194965,  0.205615,  0.212955,  0.212604,  0.214160,  0.217838,  0.224903,  0.230045,  0.234455,  0.240558,  0.243137,  0.241962,  0.244999,  0.249363,  0.253117,  0.253849,  0.253056,  0.256046,  0.257145,  0.256489,  0.255604,  0.259800,  0.264714,  0.266209,  0.269306,  0.272282,  0.271626,  0.270405,  0.270832,  0.280125,  0.063493,  0.028901,  0.015335,  0.006500,  0.005447,  0.004227,  0.004822,  0.006882,  0.004730,  0.005966,  0.006622,  0.004852,  0.005936,  0.008118,  0.014328,  0.026398,  0.040101,  0.309941,  0.322438,  0.321721,  0.336187,  0.375845,  0.372763,  0.402594,  0.378943,  0.373205,  0.379080,  0.387152,  0.396536,  0.421317,  0.402304,  0.394308,  0.386999,  0.373022,  0.369085,  0.370123,  0.378576,  0.372412,  0.370642,  0.380667,  0.393652,  0.399313,  0.409522,  0.410010,  0.418555,  0.421988,  0.425971,  0.416938,  0.428092,  0.422873,  0.425132,  0.429328,  0.429145,  0.425940,  0.439445,  0.442771,  0.436667,  0.447318,  0.458793,  0.465644,  0.463584,  0.460655,  0.448310,  0.483925,  0.482353,  0.484840,  0.480781,  0.362036,  0.374182,  0.335241,  0.340032,  0.334432,  0.360586,  0.387259,  0.358190,  0.311528,  0.313512,  0.378378,  0.359548,  0.348440,  0.284642,  0.347814,  0.403952,  0.367254,  0.328222,  0.243931,  0.198306,  0.225055
 333,  134,  330292.2695,  6528167.5000,  -31.36863006,  151.21555533,  0.095259,  0.077145,  0.070327,  0.076266,  0.087299,  0.086099,  0.082124,  0.078501,  0.074139,  0.072200,  0.072233,  0.070656,  0.073013,  0.070516,  0.071346,  0.067501,  0.070779,  0.069736,  0.071444,  0.073473,  0.070845,  0.071362,  0.075724,  0.075675,  0.074131,  0.075305,  0.074229,  0.073391,  0.074508,  0.076825,  0.075872,  0.073194,  0.072841,  0.071296,  0.073523,  0.078829,  0.094495,  0.102513,  0.111376,  0.136070,  0.143168,  0.143718,  0.135865,  0.177095,  0.156147,  0.162284,  0.162497,  0.154841,  0.170499,  0.177432,  0.174014,  0.174918,  0.174869,  0.178960,  0.174778,  0.169168,  0.179403,  0.174655,  0.127864,  0.172610,  0.189499,  0.164523,  0.184054,  0.191852,  0.194385,  0.193683,  0.194491,  0.193408,  0.192844,  0.198978,  0.206592,  0.218265,  0.220920,  0.223499,  0.230549,  0.231189,  0.228931,  0.189258,  0.198917,  0.206943,  0.202213,  0.211490,  0.212161,  0.219883,  0.225513,  0.234028,  0.239612,  0.241993,  0.246403,  0.263127,  0.286671,  0.277745,  0.269230,  0.270115,  0.268193,  0.269825,  0.261769,  0.260044,  0.226352,  0.005402,  0.000992,  0.001282,  0.003037,  0.003250,  0.008377,  0.018097,  0.024994,  0.040650,  0.186419,  0.175601,  0.184360,  0.203784,  0.213916,  0.228107,  0.232456,  0.233509,  0.238102,  0.244709,  0.255528,  0.268208,  0.273945,  0.276265,  0.283406,  0.285176,  0.288655,  0.297169,  0.304646,  0.309712,  0.311376,  0.317449,  0.323415,  0.327184,  0.333471,  0.340810,  0.354559,  0.358663,  0.367163,  0.374960,  0.380499,  0.399390,  0.406027,  0.439261,  0.107073,  0.059190,  0.026108,  0.010803,  0.007889,  0.005692,  0.004028,  0.005447,  0.008270,  0.010773,  0.009995,  0.005478,  0.009369,  0.018631,  0.026413,  0.054688,  0.084260,  0.651164,  0.642771,  0.605173,  0.620356,  0.703975,  0.779599,  0.859800,  0.743587,  0.635630,  0.716701,  0.753201,  0.804608,  0.839857,  0.823697,  0.791791,  0.767681,  0.748425,  0.752911,  0.757031,  0.778943,  0.777737,  0.796368,  0.822141,  0.822187,  0.842191,  0.880385,  0.877409,  0.896498,  0.914168,  0.939498,  0.926940,  0.938170,  0.942061,  0.958251,  0.974975,  1.000000,  1.000000,  1.000000,  1.000000,  1.000000,  1.000000,  1.000000,  1.000000,  1.000000,  1.000000,  1.000000,  1.000000,  1.000000,  1.000000,  1.000000,  0.976104,  1.000000,  0.927199,  0.917601,  0.949142,  0.998566,  1.000000,  0.989380,  0.942626,  0.914794,  1.000000,  1.000000,  1.000000,  0.879499,  0.981582,  1.000000,  1.000000,  0.991455,  0.824643,  0.695125,  0.847761
 337,  142,  330412.2719,  6527927.5000,  -31.37081201,  151.21677574,  0.094495,  0.083446,  0.086814,  0.088383,  0.087636,  0.092548,  0.092129,  0.085015,  0.081105,  0.083101,  0.082247,  0.076209,  0.079100,  0.079265,  0.081130,  0.072093,  0.077688,  0.079864,  0.078920,  0.080275,  0.079010,  0.080234,  0.083471,  0.081532,  0.082296,  0.085048,  0.082789,  0.082534,  0.086009,  0.087381,  0.084539,  0.081754,  0.084268,  0.081499,  0.080982,  0.090412,  0.104328,  0.109347,  0.115582,  0.139455,  0.149674,  0.143209,  0.136793,  0.179724,  0.157503,  0.163039,  0.163491,  0.157536,  0.169652,  0.175477,  0.174622,  0.174351,  0.173324,  0.176257,  0.174162,  0.167459,  0.175403,  0.170655,  0.126820,  0.169997,  0.171953,  0.159731,  0.181872,  0.186938,  0.190387,  0.189410,  0.190600,  0.188403,  0.187732,  0.192874,  0.201144,  0.210208,  0.214191,  0.213870,  0.221088,  0.222339,  0.215152,  0.178439,  0.183719,  0.194125,  0.188876,  0.197726,  0.199542,  0.206775,  0.210483,  0.216663,  0.222538,  0.223133,  0.226490,  0.239796,  0.261418,  0.252750,  0.243320,  0.242695,  0.239658,  0.238285,  0.230442,  0.224338,  0.190005,  0.004135,  0.000946,  0.001099,  0.001907,  0.002045,  0.007446,  0.014649,  0.022171,  0.035569,  0.156939,  0.147845,  0.155352,  0.172152,  0.184253,  0.193423,  0.196841,  0.196780,  0.200244,  0.205127,  0.210895,  0.217685,  0.225299,  0.227512,  0.228305,  0.229984,  0.232120,  0.235859,  0.239200,  0.243397,  0.245121,  0.246952,  0.250797,  0.251118,  0.255604,  0.257862,  0.264317,  0.270893,  0.272374,  0.276020,  0.275410,  0.282292,  0.285252,  0.295949,  0.071138,  0.036439,  0.019196,  0.007492,  0.005097,  0.004074,  0.002670,  0.003326,  0.004715,  0.007691,  0.005692,  0.003891,  0.006958,  0.012131,  0.020035,  0.038193,  0.054307,  0.374868,  0.383963,  0.381888,  0.389776,  0.425040,  0.441306,  0.502953,  0.455787,  0.437263,  0.438865,  0.455329,  0.462348,  0.487404,  0.477882,  0.459495,  0.443290,  0.427420,  0.428626,  0.426932,  0.436164,  0.429557,  0.437095,  0.448020,  0.454185,  0.460075,  0.476204,  0.477806,  0.481697,  0.487388,  0.500282,  0.488411,  0.494484,  0.495644,  0.502403,  0.499413,  0.512398,  0.513939,  0.526528,  0.531380,  0.525307,  0.543954,  0.558526,  0.568612,  0.573266,  0.563622,  0.547219,  0.583566,  0.613382,  0.612055,  0.600656,  0.459678,  0.476646,  0.425910,  0.425467,  0.430030,  0.452216,  0.487160,  0.449516,  0.418723,  0.416846,  0.489540,  0.468254,  0.466255,  0.385672,  0.458274,  0.557214,  0.523919,  0.452613,  0.352361,  0.309712,  0.390295
 352,  180,  330862.2812,  6526787.5000,  -31.38115859,  151.22131194,  0.113553,  0.098307,  0.095177,  0.097847,  0.104985,  0.105799,  0.103909,  0.099958,  0.096968,  0.096705,  0.096959,  0.093074,  0.095432,  0.093690,  0.093715,  0.090141,  0.092261,  0.094232,  0.094528,  0.096220,  0.093928,  0.094487,  0.098093,  0.098027,  0.097058,  0.099153,  0.096976,  0.096820,  0.099005,  0.100089,  0.098824,  0.095974,  0.096992,  0.095259,  0.096844,  0.103219,  0.116158,  0.119304,  0.123773,  0.147062,  0.154701,  0.150734,  0.142190,  0.184792,  0.163269,  0.169192,  0.169340,  0.161840,  0.176232,  0.182952,  0.179165,  0.178927,  0.178516,  0.182681,  0.179083,  0.173127,  0.182328,  0.177571,  0.131289,  0.177900,  0.189039,  0.173648,  0.192142,  0.199863,  0.200397,  0.198718,  0.201633,  0.198459,  0.196506,  0.202396,  0.211627,  0.219577,  0.223774,  0.224552,  0.231357,  0.234943,  0.227863,  0.194537,  0.201511,  0.209094,  0.201617,  0.214496,  0.216999,  0.224765,  0.232227,  0.239139,  0.245548,  0.245823,  0.249348,  0.265446,  0.288563,  0.280598,  0.269154,  0.270283,  0.266880,  0.268147,  0.259495,  0.254490,  0.212009,  0.004227,  0.000885,  0.000427,  0.001511,  0.003449,  0.008698,  0.018067,  0.025315,  0.043580,  0.198611,  0.185641,  0.200427,  0.222385,  0.235309,  0.247456,  0.252216,  0.250767,  0.253834,  0.258381,  0.267994,  0.277775,  0.282704,  0.290196,  0.294209,  0.295384,  0.297887,  0.306310,  0.312367,  0.316762,  0.319295,  0.324453,  0.327230,  0.332616,  0.337697,  0.345144,  0.355261,  0.365332,  0.366613,  0.370504,  0.376883,  0.388540,  0.397604,  0.413931,  0.093874,  0.048997,  0.024781,  0.011734,  0.007065,  0.007736,  0.005035,  0.005447,  0.007416,  0.009277,  0.008255,  0.005127,  0.009873,  0.018235,  0.027359,  0.051545,  0.079652,  0.611749,  0.628702,  0.601846,  0.600275,  0.673045,  0.695933,  0.751980,  0.692287,  0.679866,  0.683406,  0.706142,  0.726558,  0.763272,  0.738399,  0.727031,  0.710155,  0.691569,  0.688807,  0.695857,  0.702907,  0.700923,  0.712551,  0.728481,  0.736095,  0.745510,  0.771893,  0.767636,  0.776028,  0.784970,  0.795010,  0.785534,  0.789868,  0.790799,  0.797024,  0.797345,  0.802411,  0.804913,  0.811536,  0.817533,  0.814954,  0.824903,  0.829175,  0.830762,  0.835950,  0.826215,  0.817105,  0.842268,  0.851789,  0.848020,  0.847791,  0.770672,  0.774517,  0.732204,  0.734371,  0.735592,  0.762310,  0.772305,  0.747448,  0.716075,  0.727794,  0.778195,  0.753811,  0.761227,  0.664302,  0.741817,  0.779889,  0.746380,  0.710155,  0.605081,  0.545510,  0.633097
 355,  198,  330952.2831,  6526247.5000,  -31.38604161,  151.22216627,  0.110744,  0.104172,  0.103589,  0.102743,  0.110333,  0.112847,  0.110547,  0.105018,  0.099276,  0.101962,  0.101847,  0.095777,  0.099654,  0.098635,  0.098282,  0.092203,  0.094889,  0.096656,  0.096376,  0.096779,  0.095629,  0.095333,  0.098857,  0.098282,  0.097263,  0.098898,  0.095308,  0.094971,  0.097428,  0.097362,  0.096097,  0.093608,  0.094175,  0.090930,  0.092096,  0.098496,  0.109356,  0.113438,  0.119452,  0.143447,  0.150454,  0.145912,  0.140120,  0.179937,  0.159022,  0.163278,  0.164551,  0.158037,  0.170153,  0.176191,  0.174540,  0.174212,  0.173883,  0.176742,  0.174056,  0.167993,  0.176586,  0.172741,  0.129449,  0.173850,  0.179239,  0.167361,  0.186465,  0.195041,  0.195407,  0.197345,  0.195392,  0.191623,  0.191012,  0.196750,  0.206104,  0.212070,  0.219928,  0.219348,  0.226017,  0.230198,  0.223713,  0.192050,  0.195819,  0.204440,  0.199573,  0.209781,  0.215763,  0.222766,  0.230472,  0.239658,  0.245762,  0.247364,  0.251911,  0.269596,  0.294072,  0.283452,  0.274891,  0.276570,  0.274846,  0.276188,  0.271962,  0.271733,  0.232029,  0.004593,  0.000320,  0.000885,  0.002426,  0.002701,  0.009216,  0.020279,  0.029191,  0.049775,  0.222904,  0.212909,  0.229572,  0.249760,  0.262455,  0.276951,  0.284215,  0.282048,  0.286931,  0.294484,  0.308431,  0.323186,  0.329290,  0.341192,  0.348333,  0.349599,  0.353521,  0.363531,  0.374166,  0.379339,  0.384649,  0.392370,  0.400107,  0.407141,  0.414801,  0.428916,  0.445548,  0.460121,  0.466804,  0.475929,  0.484962,  0.500908,  0.513420,  0.540505,  0.124224,  0.065522,  0.028717,  0.009293,  0.005554,  0.006287,  0.004883,  0.004105,  0.008133,  0.012329,  0.009644,  0.004639,  0.009277,  0.023011,  0.032105,  0.070970,  0.113893,  0.742260,  0.746059,  0.574273,  0.725368,  0.756329,  0.748608,  0.852049,  0.818418,  0.800336,  0.787106,  0.795682,  0.811643,  0.844678,  0.825666,  0.809018,  0.788479,  0.774731,  0.770459,  0.771527,  0.774853,  0.771252,  0.795575,  0.806058,  0.814054,  0.815808,  0.835309,  0.828672,  0.826581,  0.841764,  0.845762,  0.840345,  0.839887,  0.840085,  0.840970,  0.842191,  0.872755,  0.874327,  0.888945,  0.885191,  0.879728,  0.895857,  0.906264,  0.906340,  0.910643,  0.901122,  0.881544,  0.917601,  0.963638,  0.973678,  0.957961,  0.815946,  0.822568,  0.772595,  0.776471,  0.766888,  0.800504,  0.827375,  0.787182,  0.760342,  0.773602,  0.846647,  0.804303,  0.807752,  0.700526,  0.787915,  0.846357,  0.797360,  0.754726,  0.646281,  0.621225,  0.693431
 348,  157,  330742.2788,  6527477.5000,  -31.37491844,  151.22016784,  0.110810,  0.088079,  0.085023,  0.087356,  0.092942,  0.095062,  0.090043,  0.087718,  0.083495,  0.083405,  0.082994,  0.078608,  0.082115,  0.079626,  0.080382,  0.075231,  0.076907,  0.078148,  0.079215,  0.080349,  0.077663,  0.078550,  0.082772,  0.082222,  0.080900,  0.082641,  0.081368,  0.080456,  0.082715,  0.084333,  0.082838,  0.080324,  0.080669,  0.078887,  0.079133,  0.085672,  0.095974,  0.099596,  0.100935,  0.118228,  0.122631,  0.119328,  0.113389,  0.146593,  0.129235,  0.134797,  0.134189,  0.127938,  0.138904,  0.145090,  0.142133,  0.142593,  0.141755,  0.144277,  0.140744,  0.134986,  0.142798,  0.138650,  0.099596,  0.139537,  0.146495,  0.134356,  0.150256,  0.157916,  0.155947,  0.156237,  0.158236,  0.154162,  0.151766,  0.156237,  0.163577,  0.169345,  0.170779,  0.173571,  0.178424,  0.176837,  0.171084,  0.146319,  0.147921,  0.151705,  0.149813,  0.160998,  0.164218,  0.168429,  0.172427,  0.180179,  0.182605,  0.182635,  0.185153,  0.195010,  0.210819,  0.202258,  0.195895,  0.194110,  0.189883,  0.190478,  0.182177,  0.173159,  0.138338,  0.003449,  0.001190,  0.000122,  0.001114,  0.002106,  0.005615,  0.010864,  0.015320,  0.027359,  0.112840,  0.099992,  0.113085,  0.131365,  0.140856,  0.150072,  0.155505,  0.152453,  0.153094,  0.154086,  0.157687,  0.158465,  0.160418,  0.163531,  0.163058,  0.161410,  0.162615,  0.163500,  0.163851,  0.163348,  0.162539,  0.163088,  0.162982,  0.161242,  0.162142,  0.162997,  0.163684,  0.161456,  0.159487,  0.159396,  0.155306,  0.149111,  0.143557,  0.143313,  0.031556,  0.014633,  0.008316,  0.005234,  0.003815,  0.004334,  0.003693,  0.003220,  0.002319,  0.004974,  0.004654,  0.002060,  0.001495,  0.004593,  0.007462,  0.007446,  0.013962,  0.096956,  0.120439,  0.129000,  0.138476,  0.149310,  0.134249,  0.110887,  0.119356,  0.143832,  0.151461,  0.148989,  0.150851,  0.157351,  0.141268,  0.144137,  0.141482,  0.138262,  0.137896,  0.131441,  0.137652,  0.133410,  0.136675,  0.135698,  0.139055,  0.133043,  0.135683,  0.133639,  0.134920,  0.134386,  0.140368,  0.132006,  0.139254,  0.133623,  0.135378,  0.134218,  0.132174,  0.129290,  0.126955,  0.127214,  0.118898,  0.120439,  0.122744,  0.117632,  0.116793,  0.113619,  0.111116,  0.119005,  0.117464,  0.116030,  0.120928,  0.083848,  0.086412,  0.073014,  0.078889,  0.070970,  0.075120,  0.084672,  0.079103,  0.066896,  0.058137,  0.078416,  0.073655,  0.063722,  0.045579,  0.052628,  0.065751,  0.050599,  0.041810,  0.027481,  0.021637,  0.025055
 411,  181,  332632.3178,  6526757.5000,  -31.38168593,  151.23991347,  0.095037,  0.079659,  0.079100,  0.086017,  0.083471,  0.087463,  0.086124,  0.080292,  0.073999,  0.075034,  0.079380,  0.073063,  0.075182,  0.074402,  0.075420,  0.068438,  0.070187,  0.072693,  0.072233,  0.072594,  0.070697,  0.072685,  0.075667,  0.074993,  0.075576,  0.077844,  0.075823,  0.076077,  0.078994,  0.081023,  0.080316,  0.077384,  0.079076,  0.078846,  0.079355,  0.084662,  0.093370,  0.092433,  0.091168,  0.104706,  0.109561,  0.103720,  0.098413,  0.130665,  0.115394,  0.119673,  0.119788,  0.115845,  0.125432,  0.130599,  0.129309,  0.129860,  0.128743,  0.131511,  0.129350,  0.125079,  0.131560,  0.126549,  0.094421,  0.130410,  0.136998,  0.133272,  0.147784,  0.151507,  0.151263,  0.150408,  0.151369,  0.148959,  0.148455,  0.152148,  0.157015,  0.161837,  0.164218,  0.166033,  0.170520,  0.170687,  0.165133,  0.138445,  0.148318,  0.155642,  0.155016,  0.164935,  0.162646,  0.167514,  0.171496,  0.175738,  0.178912,  0.177951,  0.180102,  0.188113,  0.203311,  0.198703,  0.190570,  0.188998,  0.186160,  0.188251,  0.180713,  0.174945,  0.135836,  0.003204,  0.000153,  0.000000,  0.000626,  0.002945,  0.007416,  0.014038,  0.019959,  0.032868,  0.126848,  0.113939,  0.125887,  0.142718,  0.149294,  0.157382,  0.161379,  0.157244,  0.156664,  0.158511,  0.160784,  0.160082,  0.163180,  0.165469,  0.164965,  0.163607,  0.163485,  0.164706,  0.164599,  0.164309,  0.162676,  0.163455,  0.162325,  0.161410,  0.162829,  0.166506,  0.164813,  0.164233,  0.165240,  0.164446,  0.158053,  0.155383,  0.151980,  0.152041,  0.036683,  0.017899,  0.011398,  0.003723,  0.002106,  0.001953,  0.002441,  0.003281,  0.001572,  0.002060,  0.004181,  0.003067,  0.002640,  0.004974,  0.005631,  0.010422,  0.016815,  0.109422,  0.131594,  0.138674,  0.155581,  0.171084,  0.140322,  0.127794,  0.140795,  0.160418,  0.169421,  0.171008,  0.165866,  0.169696,  0.158633,  0.164446,  0.159686,  0.152499,  0.149599,  0.151049,  0.152834,  0.150454,  0.150469,  0.154238,  0.153780,  0.148989,  0.151965,  0.151385,  0.152255,  0.149371,  0.154299,  0.150164,  0.152392,  0.150057,  0.149676,  0.148638,  0.145663,  0.141360,  0.145403,  0.140764,  0.139040,  0.139956,  0.143633,  0.138567,  0.140047,  0.138399,  0.131746,  0.137972,  0.137667,  0.137850,  0.133761,  0.097414,  0.106905,  0.092943,  0.092058,  0.084565,  0.095521,  0.104601,  0.092073,  0.076295,  0.081147,  0.094316,  0.078706,  0.082277,  0.060731,  0.073945,  0.077913,  0.067887,  0.052888,  0.032807,  0.022751,  0.024018
 371,  202,  331432.2930,  6526127.5000,  -31.38719369,  151.22719203,  0.109298,  0.098405,  0.097502,  0.098578,  0.104451,  0.105905,  0.101708,  0.096048,  0.091456,  0.093452,  0.090881,  0.086116,  0.089599,  0.088474,  0.089640,  0.082715,  0.084711,  0.086461,  0.084153,  0.085179,  0.083257,  0.083159,  0.086075,  0.085804,  0.085631,  0.086149,  0.082830,  0.082707,  0.083906,  0.084292,  0.082296,  0.079922,  0.080571,  0.078977,  0.079125,  0.085500,  0.095374,  0.095571,  0.097691,  0.113438,  0.115287,  0.111763,  0.104911,  0.137697,  0.120101,  0.124898,  0.124956,  0.118696,  0.129523,  0.133885,  0.131338,  0.131495,  0.131133,  0.132793,  0.130418,  0.125186,  0.132793,  0.127987,  0.092934,  0.128981,  0.137352,  0.128115,  0.143267,  0.147234,  0.147692,  0.144335,  0.145464,  0.143984,  0.140673,  0.144198,  0.150027,  0.155718,  0.157580,  0.157687,  0.163943,  0.164080,  0.157275,  0.131334,  0.141375,  0.148714,  0.142489,  0.150423,  0.151766,  0.155138,  0.157809,  0.162081,  0.167727,  0.165454,  0.167315,  0.175586,  0.189837,  0.183230,  0.176059,  0.175677,  0.172061,  0.171054,  0.165835,  0.158556,  0.130159,  0.001801,  0.000168,  0.000305,  0.000580,  0.000793,  0.004593,  0.010269,  0.014450,  0.024384,  0.111803,  0.097765,  0.112123,  0.125536,  0.132845,  0.139223,  0.142031,  0.140185,  0.138872,  0.139040,  0.142412,  0.144060,  0.146822,  0.148150,  0.148043,  0.148440,  0.147890,  0.147463,  0.147311,  0.148531,  0.148333,  0.145708,  0.148104,  0.145541,  0.147082,  0.147280,  0.148989,  0.149310,  0.145983,  0.145541,  0.142977,  0.142702,  0.137835,  0.134218,  0.031357,  0.013291,  0.005707,  0.004044,  0.004273,  0.002655,  0.000458,  0.002625,  0.002121,  0.001862,  0.002182,  0.000763,  0.003433,  0.002441,  0.006409,  0.009628,  0.012787,  0.094789,  0.109865,  0.120317,  0.131624,  0.134768,  0.120623,  0.110109,  0.107134,  0.132570,  0.142687,  0.146975,  0.132784,  0.138125,  0.134401,  0.130999,  0.132219,  0.124331,  0.128954,  0.129152,  0.125078,  0.127596,  0.127764,  0.129519,  0.127871,  0.128145,  0.126223,  0.122240,  0.129961,  0.128710,  0.128054,  0.122240,  0.123339,  0.124880,  0.122118,  0.124758,  0.121111,  0.120012,  0.120089,  0.114748,  0.114916,  0.107927,  0.107362,  0.109682,  0.108919,  0.106477,  0.098390,  0.115557,  0.117144,  0.104524,  0.100587,  0.078706,  0.082811,  0.063981,  0.066545,  0.068940,  0.073701,  0.078660,  0.070893,  0.065644,  0.054337,  0.066026,  0.064027,  0.058732,  0.035966,  0.045197,  0.062898,  0.053696,  0.025559,  0.014481,  0.018051,  0.010605
 420,  228,  332902.3234,  6525347.5000,  -31.39444084,  151.24251491,  0.106825,  0.091094,  0.093747,  0.097773,  0.102578,  0.102923,  0.102316,  0.100040,  0.093706,  0.093394,  0.093887,  0.089024,  0.092376,  0.089205,  0.091028,  0.085401,  0.086839,  0.087857,  0.087126,  0.087430,  0.085089,  0.085623,  0.091628,  0.091653,  0.090971,  0.093279,  0.092836,  0.091127,  0.093148,  0.095218,  0.094421,  0.091784,  0.091152,  0.093797,  0.093994,  0.100139,  0.108830,  0.107729,  0.108140,  0.122179,  0.126615,  0.122417,  0.117521,  0.151991,  0.136350,  0.139923,  0.140449,  0.134879,  0.146207,  0.151374,  0.148015,  0.149838,  0.149658,  0.151711,  0.148664,  0.143620,  0.150840,  0.144671,  0.108033,  0.148253,  0.156542,  0.144930,  0.165133,  0.165179,  0.165408,  0.164950,  0.165530,  0.162600,  0.161196,  0.166506,  0.172992,  0.178027,  0.180377,  0.182422,  0.186267,  0.185611,  0.177661,  0.148470,  0.156863,  0.166064,  0.169131,  0.179416,  0.177676,  0.181628,  0.188159,  0.190265,  0.195087,  0.192905,  0.195956,  0.203769,  0.219806,  0.215000,  0.207019,  0.205631,  0.202670,  0.201511,  0.196719,  0.188128,  0.139101,  0.002914,  0.000641,  0.000381,  0.001175,  0.002640,  0.009949,  0.017212,  0.023133,  0.038148,  0.137362,  0.121080,  0.138796,  0.154559,  0.162707,  0.169863,  0.174624,  0.168978,  0.167620,  0.169940,  0.172015,  0.171817,  0.174899,  0.177340,  0.176425,  0.174228,  0.174975,  0.175280,  0.175265,  0.173693,  0.174990,  0.175097,  0.173510,  0.170550,  0.170565,  0.174655,  0.175265,  0.172992,  0.173251,  0.174441,  0.171878,  0.165896,  0.161700,  0.160662,  0.040406,  0.019333,  0.010605,  0.005951,  0.002319,  0.003052,  0.004425,  0.002655,  0.001266,  0.003433,  0.004059,  0.001114,  0.002243,  0.004913,  0.007996,  0.013519,  0.021851,  0.136934,  0.138949,  0.151171,  0.165576,  0.180423,  0.150912,  0.141421,  0.146258,  0.174395,  0.178347,  0.179355,  0.169436,  0.168826,  0.161196,  0.169665,  0.172869,  0.164614,  0.163394,  0.161501,  0.165530,  0.156435,  0.155138,  0.159808,  0.162844,  0.155291,  0.155734,  0.163699,  0.162173,  0.163500,  0.160189,  0.156573,  0.155703,  0.154742,  0.156298,  0.155932,  0.153231,  0.153170,  0.158068,  0.150317,  0.148028,  0.149310,  0.152331,  0.150546,  0.147326,  0.148608,  0.142977,  0.149844,  0.147768,  0.144137,  0.144228,  0.107942,  0.111086,  0.104173,  0.102937,  0.093141,  0.107591,  0.118242,  0.098589,  0.083360,  0.085603,  0.105684,  0.095705,  0.089158,  0.079545,  0.086351,  0.096925,  0.081498,  0.063981,  0.039521,  0.006088,  0.010819
 385,  252,  331852.3017,  6524627.5000,  -31.40078222,  151.23135377,  0.108994,  0.101905,  0.096664,  0.096122,  0.105790,  0.108493,  0.105437,  0.098553,  0.095119,  0.096508,  0.095850,  0.089854,  0.094659,  0.092351,  0.093953,  0.088416,  0.091497,  0.093361,  0.092244,  0.092589,  0.091636,  0.091439,  0.094380,  0.095752,  0.095423,  0.096746,  0.094881,  0.094298,  0.097806,  0.097797,  0.097395,  0.094265,  0.095193,  0.093953,  0.096138,  0.103696,  0.117727,  0.119862,  0.123970,  0.143661,  0.147587,  0.142289,  0.137360,  0.177087,  0.155383,  0.161709,  0.162308,  0.156205,  0.167681,  0.173850,  0.172248,  0.171460,  0.171410,  0.174819,  0.171501,  0.165832,  0.174417,  0.169061,  0.127888,  0.169997,  0.179954,  0.172305,  0.191714,  0.195346,  0.192828,  0.191730,  0.192523,  0.191135,  0.186175,  0.191791,  0.199771,  0.204578,  0.208652,  0.209598,  0.216526,  0.216739,  0.209049,  0.182055,  0.192691,  0.198123,  0.194827,  0.204044,  0.203967,  0.207568,  0.214023,  0.218982,  0.222354,  0.220295,  0.222599,  0.233890,  0.250462,  0.244053,  0.235508,  0.233875,  0.231617,  0.231006,  0.227115,  0.222721,  0.176684,  0.003616,  0.000061,  0.000015,  0.000580,  0.002701,  0.007996,  0.015061,  0.021653,  0.037736,  0.158495,  0.142565,  0.155123,  0.177905,  0.184665,  0.191028,  0.195666,  0.191806,  0.190372,  0.190417,  0.194812,  0.197024,  0.196811,  0.201038,  0.199924,  0.199557,  0.198642,  0.200198,  0.200504,  0.200046,  0.199542,  0.199374,  0.199130,  0.198276,  0.198093,  0.200259,  0.201175,  0.200534,  0.199741,  0.199023,  0.196674,  0.190661,  0.186069,  0.183062,  0.042695,  0.019486,  0.008972,  0.006134,  0.003571,  0.002014,  0.005051,  0.003357,  0.001251,  0.002930,  0.003830,  0.002289,  0.001724,  0.004196,  0.008652,  0.013748,  0.017762,  0.141360,  0.169772,  0.168460,  0.183536,  0.199863,  0.171191,  0.152789,  0.165057,  0.192142,  0.200885,  0.198322,  0.190295,  0.195285,  0.190997,  0.185809,  0.191882,  0.181598,  0.175692,  0.175113,  0.179538,  0.178637,  0.176043,  0.179995,  0.180774,  0.176944,  0.177523,  0.177432,  0.180301,  0.180804,  0.178683,  0.175723,  0.179690,  0.174945,  0.176425,  0.172961,  0.169833,  0.163684,  0.168429,  0.169375,  0.163058,  0.161257,  0.160372,  0.159182,  0.157198,  0.156802,  0.145937,  0.160754,  0.162097,  0.155596,  0.153399,  0.116075,  0.115007,  0.100313,  0.101335,  0.096330,  0.104967,  0.111559,  0.110597,  0.088472,  0.087007,  0.106233,  0.097917,  0.090684,  0.063905,  0.082185,  0.092958,  0.078050,  0.056428,  0.036637,  0.017090,  0.009735
 366,  246,  331282.2899,  6524807.5000,  -31.39907607,  151.22539115,  0.113792,  0.092992,  0.089155,  0.090314,  0.095735,  0.095859,  0.092302,  0.090182,  0.084481,  0.084333,  0.086206,  0.080653,  0.082074,  0.078829,  0.080251,  0.073794,  0.075987,  0.079207,  0.079240,  0.080546,  0.077737,  0.075971,  0.078829,  0.076447,  0.075001,  0.075207,  0.073252,  0.071855,  0.073087,  0.073104,  0.072011,  0.067550,  0.068060,  0.065743,  0.065382,  0.071880,  0.089057,  0.106053,  0.130648,  0.177153,  0.204664,  0.208862,  0.202602,  0.260344,  0.232956,  0.240834,  0.240941,  0.231970,  0.250223,  0.258783,  0.254331,  0.254281,  0.253526,  0.258052,  0.254364,  0.246798,  0.261330,  0.252277,  0.188875,  0.250601,  0.259605,  0.248402,  0.270191,  0.280568,  0.278904,  0.278447,  0.282719,  0.278660,  0.274372,  0.283894,  0.295903,  0.306554,  0.311177,  0.314626,  0.323079,  0.324269,  0.312016,  0.269947,  0.273213,  0.280324,  0.265766,  0.275502,  0.273732,  0.279210,  0.284535,  0.290181,  0.296574,  0.297215,  0.304006,  0.318563,  0.344976,  0.332311,  0.319997,  0.317067,  0.306279,  0.302205,  0.286320,  0.275853,  0.225864,  0.004242,  0.000687,  0.000137,  0.000870,  0.001984,  0.005097,  0.011551,  0.015167,  0.025620,  0.097826,  0.092210,  0.102434,  0.119554,  0.131380,  0.141924,  0.150149,  0.150927,  0.156634,  0.163577,  0.169329,  0.175097,  0.181247,  0.187869,  0.188022,  0.189242,  0.192920,  0.196643,  0.197223,  0.196002,  0.195087,  0.195773,  0.192599,  0.186984,  0.183520,  0.185733,  0.183398,  0.181888,  0.180728,  0.175708,  0.168505,  0.160464,  0.157259,  0.151095,  0.036728,  0.017563,  0.010986,  0.005051,  0.004105,  0.002594,  0.002976,  0.004944,  0.001572,  0.004776,  0.002426,  0.003632,  0.002136,  0.002441,  0.006699,  0.006622,  0.010971,  0.075441,  0.067643,  0.072694,  0.074464,  0.083314,  0.068269,  0.074876,  0.080613,  0.085222,  0.087999,  0.088609,  0.098634,  0.097307,  0.091875,  0.101289,  0.099886,  0.094835,  0.091569,  0.099443,  0.100038,  0.094041,  0.097307,  0.102632,  0.102434,  0.097658,  0.098268,  0.103243,  0.102892,  0.099474,  0.102663,  0.104250,  0.107057,  0.102785,  0.100999,  0.104860,  0.096147,  0.094423,  0.095598,  0.092424,  0.083223,  0.084428,  0.086717,  0.081697,  0.076509,  0.076585,  0.072755,  0.076417,  0.078752,  0.079118,  0.069703,  0.056184,  0.057557,  0.049271,  0.047333,  0.037858,  0.050980,  0.048447,  0.044984,  0.039506,  0.033143,  0.050080,  0.039643,  0.025238,  0.026459,  0.024277,  0.024369,  0.021332,  0.022934,  0.016037,  0.000992,  0.006714
 444,  252,  333622.3383,  6524627.5000,  -31.40103768,  151.24996432,  0.074911,  0.072890,  0.068717,  0.065209,  0.067715,  0.074566,  0.072742,  0.061381,  0.059327,  0.060404,  0.060321,  0.054735,  0.057643,  0.059056,  0.057956,  0.051310,  0.055393,  0.056460,  0.055261,  0.058038,  0.056814,  0.056033,  0.056781,  0.056756,  0.058621,  0.056370,  0.055236,  0.054949,  0.057109,  0.057422,  0.055475,  0.051408,  0.051942,  0.047728,  0.048623,  0.060404,  0.078805,  0.092187,  0.111648,  0.144006,  0.162547,  0.162136,  0.161314,  0.208467,  0.182977,  0.190313,  0.192481,  0.186008,  0.199834,  0.206529,  0.207621,  0.207227,  0.206134,  0.211877,  0.208500,  0.200614,  0.209634,  0.202898,  0.158324,  0.193590,  0.200211,  0.186725,  0.207843,  0.212909,  0.211749,  0.211383,  0.217151,  0.218479,  0.222034,  0.229496,  0.240299,  0.247883,  0.253361,  0.257328,  0.263966,  0.260121,  0.243793,  0.200916,  0.205798,  0.206958,  0.197131,  0.206409,  0.201511,  0.203800,  0.211917,  0.216678,  0.223331,  0.226276,  0.229648,  0.243137,  0.260563,  0.257679,  0.249851,  0.243168,  0.232959,  0.226474,  0.206332,  0.183932,  0.114321,  0.003250,  0.001175,  0.000183,  0.000992,  0.002976,  0.005921,  0.010178,  0.013291,  0.021500,  0.062181,  0.051240,  0.060761,  0.073854,  0.079713,  0.087388,  0.092409,  0.093309,  0.094911,  0.096895,  0.102312,  0.104616,  0.104585,  0.112154,  0.114168,  0.114336,  0.114473,  0.116442,  0.118547,  0.114534,  0.114473,  0.114458,  0.114427,  0.110018,  0.109804,  0.109331,  0.107973,  0.106462,  0.104463,  0.101457,  0.096681,  0.090745,  0.092149,  0.090990,  0.026780,  0.013779,  0.010575,  0.006912,  0.001923,  0.001801,  0.003861,  0.003052,  0.002304,  0.002609,  0.004669,  0.001236,  0.001129,  0.002960,  0.005203,  0.002777,  0.008621,  0.035325,  0.052110,  0.047501,  0.051804,  0.066148,  0.047532,  0.039780,  0.052476,  0.060853,  0.064485,  0.058778,  0.059846,  0.067323,  0.057603,  0.056291,  0.057237,  0.050050,  0.052079,  0.052949,  0.058625,  0.057435,  0.055543,  0.060746,  0.067231,  0.053864,  0.058732,  0.058183,  0.065263,  0.062882,  0.058320,  0.063783,  0.065049,  0.061997,  0.060655,  0.058549,  0.055161,  0.049287,  0.052186,  0.052720,  0.050095,  0.046998,  0.056901,  0.048051,  0.047974,  0.042481,  0.042939,  0.046754,  0.043336,  0.048997,  0.057008,  0.038102,  0.038804,  0.032273,  0.031693,  0.030976,  0.023804,  0.031739,  0.037217,  0.027817,  0.027924,  0.037964,  0.033097,  0.019013,  0.012757,  0.023102,  0.017594,  0.017609,  0.039078,  0.027619,  0.002991,  0.007111
 427,  316,  333112.3277,  6522707.5000,  -31.41827968,  151.24427945,  0.077794,  0.069555,  0.072175,  0.069637,  0.070417,  0.073868,  0.072225,  0.065406,  0.058793,  0.061931,  0.062022,  0.056345,  0.057052,  0.054226,  0.056189,  0.049297,  0.053421,  0.056083,  0.056559,  0.058309,  0.056929,  0.055902,  0.058038,  0.055442,  0.055483,  0.056920,  0.053758,  0.053930,  0.055401,  0.056313,  0.052616,  0.048870,  0.048024,  0.044524,  0.044623,  0.057627,  0.079832,  0.095456,  0.118260,  0.159063,  0.181285,  0.184308,  0.181720,  0.238304,  0.209626,  0.217578,  0.219771,  0.211647,  0.227895,  0.234788,  0.232611,  0.233736,  0.233054,  0.237449,  0.233309,  0.227320,  0.236439,  0.227518,  0.175526,  0.217208,  0.221866,  0.202869,  0.224872,  0.231144,  0.232547,  0.230472,  0.235492,  0.236454,  0.242023,  0.249409,  0.263279,  0.273320,  0.277852,  0.280140,  0.286564,  0.284489,  0.262684,  0.210910,  0.216144,  0.220050,  0.204211,  0.214694,  0.210880,  0.211856,  0.215885,  0.224033,  0.231296,  0.234302,  0.238621,  0.255070,  0.274937,  0.268757,  0.257130,  0.253162,  0.241733,  0.230228,  0.208179,  0.184771,  0.110384,  0.003708,  0.001785,  0.001785,  0.002701,  0.002564,  0.004959,  0.009628,  0.011780,  0.018158,  0.049271,  0.044282,  0.050980,  0.063493,  0.071656,  0.078416,  0.081987,  0.084749,  0.088411,  0.089967,  0.095796,  0.098924,  0.101503,  0.103868,  0.105180,  0.106859,  0.108385,  0.108049,  0.109590,  0.109468,  0.109377,  0.106111,  0.104845,  0.103899,  0.099947,  0.098512,  0.094072,  0.099748,  0.097688,  0.095338,  0.092042,  0.088594,  0.082628,  0.076081,  0.023972,  0.012253,  0.006302,  0.001968,  0.003403,  0.002640,  0.000946,  0.002609,  0.002960,  0.002289,  0.001343,  0.001862,  0.002884,  0.003357,  0.004425,  0.007767,  0.008194,  0.022309,  0.039567,  0.037522,  0.039628,  0.044495,  0.037720,  0.045029,  0.040208,  0.048875,  0.051240,  0.050706,  0.048844,  0.047547,  0.053666,  0.052613,  0.048737,  0.049683,  0.053407,  0.047059,  0.046647,  0.046921,  0.046998,  0.047227,  0.048356,  0.054246,  0.053361,  0.050629,  0.052842,  0.056809,  0.051392,  0.048661,  0.056123,  0.055467,  0.052399,  0.050553,  0.052369,  0.047456,  0.049165,  0.042725,  0.041184,  0.040085,  0.039811,  0.037430,  0.039292,  0.034607,  0.036378,  0.040284,  0.037613,  0.035966,  0.027405,  0.032486,  0.033158,  0.025406,  0.027131,  0.031739,  0.031617,  0.027466,  0.025422,  0.022980,  0.017380,  0.016754,  0.028153,  0.024720,  0.017166,  0.017929,  0.022827,  0.008957,  0.000839,  0.004746,  0.008011,  0.000549
 427,  319,  333112.3277,  6522617.5000,  -31.41909133,  151.24426432,  0.085492,  0.072036,  0.067288,  0.068742,  0.071625,  0.072800,  0.070935,  0.063032,  0.058785,  0.057101,  0.061102,  0.055836,  0.056633,  0.056469,  0.058752,  0.050841,  0.053881,  0.056732,  0.056633,  0.058407,  0.056666,  0.057988,  0.059253,  0.058243,  0.056912,  0.058071,  0.055787,  0.054826,  0.057134,  0.058769,  0.055910,  0.051844,  0.052098,  0.048262,  0.049502,  0.062063,  0.085467,  0.102529,  0.124537,  0.164797,  0.187544,  0.187897,  0.185343,  0.240489,  0.212287,  0.219919,  0.220650,  0.213823,  0.231288,  0.238788,  0.236537,  0.238148,  0.237112,  0.240891,  0.237129,  0.231518,  0.242321,  0.231494,  0.181301,  0.229711,  0.240448,  0.215610,  0.236667,  0.240864,  0.241215,  0.243183,  0.242618,  0.246265,  0.250126,  0.256794,  0.272465,  0.283742,  0.287648,  0.290776,  0.298939,  0.296544,  0.278996,  0.231312,  0.242130,  0.243381,  0.226505,  0.234028,  0.228412,  0.230838,  0.234485,  0.241489,  0.249012,  0.250736,  0.257099,  0.273106,  0.295567,  0.289036,  0.277729,  0.273335,  0.262654,  0.253666,  0.234302,  0.212375,  0.143771,  0.004059,  0.002441,  0.001648,  0.001785,  0.002396,  0.006790,  0.011383,  0.013626,  0.022904,  0.068513,  0.062531,  0.069200,  0.082185,  0.090684,  0.095750,  0.100496,  0.102525,  0.104921,  0.108186,  0.112947,  0.116686,  0.120409,  0.122301,  0.122469,  0.123827,  0.125048,  0.125826,  0.126314,  0.126864,  0.124453,  0.123629,  0.121462,  0.120775,  0.114794,  0.114916,  0.114351,  0.113451,  0.112535,  0.110323,  0.108492,  0.104219,  0.098177,  0.099535,  0.028931,  0.013153,  0.006973,  0.004059,  0.003098,  0.001877,  0.001755,  0.003754,  0.003250,  0.003479,  0.002304,  0.001801,  0.003052,  0.003998,  0.005142,  0.008545,  0.009018,  0.037888,  0.052644,  0.049561,  0.053620,  0.057160,  0.056733,  0.068925,  0.054383,  0.066590,  0.070283,  0.067796,  0.058244,  0.061662,  0.060853,  0.059190,  0.058671,  0.061646,  0.059220,  0.054871,  0.057801,  0.058808,  0.056565,  0.055161,  0.058991,  0.059480,  0.061509,  0.060151,  0.065202,  0.062577,  0.063859,  0.059312,  0.063233,  0.062989,  0.062028,  0.066423,  0.061662,  0.055177,  0.055024,  0.048447,  0.047364,  0.046357,  0.043900,  0.051133,  0.046998,  0.044388,  0.044221,  0.052644,  0.045411,  0.038834,  0.035828,  0.037659,  0.039460,  0.032227,  0.037140,  0.035767,  0.038468,  0.034302,  0.032120,  0.025803,  0.019684,  0.023804,  0.023087,  0.028214,  0.016449,  0.027481,  0.026734,  0.023102,  0.008682,  0.002930,  0.009415,  0.000519
 380,  330,  331702.2986,  6522287.5000,  -31.42186332,  151.22938024,  0.103991,  0.095390,  0.092228,  0.093025,  0.098685,  0.100377,  0.098315,  0.091497,  0.087808,  0.088761,  0.088260,  0.082206,  0.086223,  0.084859,  0.085845,  0.078977,  0.083052,  0.085828,  0.085179,  0.086675,  0.084793,  0.084728,  0.086757,  0.085533,  0.084169,  0.085984,  0.082814,  0.082657,  0.084613,  0.085221,  0.083840,  0.080563,  0.081179,  0.078156,  0.079396,  0.088893,  0.109347,  0.122664,  0.140178,  0.177695,  0.193590,  0.191726,  0.185556,  0.240472,  0.213289,  0.221102,  0.222827,  0.214735,  0.230935,  0.239634,  0.238065,  0.238846,  0.237063,  0.242427,  0.238903,  0.231280,  0.243939,  0.236447,  0.177769,  0.237252,  0.247956,  0.241382,  0.260380,  0.265248,  0.268864,  0.265782,  0.269062,  0.266606,  0.267826,  0.274601,  0.285206,  0.295933,  0.300771,  0.303243,  0.311604,  0.313817,  0.303258,  0.257633,  0.272175,  0.278172,  0.263478,  0.274556,  0.271595,  0.276600,  0.282750,  0.290150,  0.298604,  0.298817,  0.304524,  0.321355,  0.346212,  0.336706,  0.325383,  0.322591,  0.313878,  0.309178,  0.294102,  0.279881,  0.222309,  0.003922,  0.000656,  0.000916,  0.001053,  0.002136,  0.006043,  0.013550,  0.017975,  0.029953,  0.127214,  0.117189,  0.128038,  0.147387,  0.160113,  0.171191,  0.178134,  0.177066,  0.180056,  0.185031,  0.189319,  0.193362,  0.199084,  0.203708,  0.205325,  0.206348,  0.208911,  0.210681,  0.210529,  0.211048,  0.206699,  0.205081,  0.201129,  0.198383,  0.195712,  0.195422,  0.192935,  0.193729,  0.192355,  0.189197,  0.183062,  0.178393,  0.170352,  0.165362,  0.039826,  0.017960,  0.008606,  0.005188,  0.004517,  0.004685,  0.002487,  0.003464,  0.003784,  0.002640,  0.003052,  0.001312,  0.004379,  0.004639,  0.004471,  0.009186,  0.012909,  0.076432,  0.097658,  0.106157,  0.116060,  0.129183,  0.114549,  0.101076,  0.109697,  0.117678,  0.130343,  0.134096,  0.123278,  0.125582,  0.123949,  0.125872,  0.121721,  0.116747,  0.118685,  0.116396,  0.115160,  0.114321,  0.119524,  0.121416,  0.122072,  0.120562,  0.125719,  0.121416,  0.122087,  0.123262,  0.125948,  0.118166,  0.124025,  0.126268,  0.121660,  0.119860,  0.116487,  0.114122,  0.106188,  0.102068,  0.098894,  0.101808,  0.097597,  0.093889,  0.093767,  0.094011,  0.083101,  0.090959,  0.097856,  0.089662,  0.087999,  0.065919,  0.075776,  0.058198,  0.057252,  0.057755,  0.057527,  0.062974,  0.053208,  0.051743,  0.049760,  0.055055,  0.051942,  0.050141,  0.036103,  0.033402,  0.040284,  0.034943,  0.021530,  0.009430,  0.007431,  0.021485
 457,  236,  334012.3463,  6525107.5000,  -31.39676475,  151.25414513,  0.100566,  0.097428,  0.096426,  0.088227,  0.101346,  0.104189,  0.102316,  0.097124,  0.094002,  0.097165,  0.095744,  0.091653,  0.095760,  0.095629,  0.097370,  0.093485,  0.099260,  0.102455,  0.102849,  0.105659,  0.106365,  0.107729,  0.113521,  0.116338,  0.119131,  0.122803,  0.121678,  0.124389,  0.130188,  0.131043,  0.132686,  0.131010,  0.134173,  0.135199,  0.138329,  0.149460,  0.164305,  0.166473,  0.174080,  0.200162,  0.206627,  0.202701,  0.197854,  0.252006,  0.224355,  0.232800,  0.235995,  0.227575,  0.244383,  0.254380,  0.252376,  0.252696,  0.253329,  0.260566,  0.259457,  0.253370,  0.264862,  0.263285,  0.204245,  0.258800,  0.279657,  0.259495,  0.290776,  0.297856,  0.300069,  0.297307,  0.295094,  0.304097,  0.300526,  0.310277,  0.321859,  0.334539,  0.339406,  0.344137,  0.356405,  0.358846,  0.348959,  0.290791,  0.320684,  0.340566,  0.342306,  0.367422,  0.366278,  0.378103,  0.387625,  0.400504,  0.407675,  0.402930,  0.407370,  0.429450,  0.458762,  0.450278,  0.436759,  0.438514,  0.431586,  0.434882,  0.424811,  0.410269,  0.288487,  0.007721,  0.002731,  0.002960,  0.004730,  0.010559,  0.025040,  0.042191,  0.055863,  0.091005,  0.313497,  0.286015,  0.311849,  0.353536,  0.370108,  0.386511,  0.392447,  0.385763,  0.387076,  0.389013,  0.395743,  0.402090,  0.407004,  0.411994,  0.413428,  0.415564,  0.413489,  0.416419,  0.418296,  0.420401,  0.417029,  0.416983,  0.419059,  0.418021,  0.414221,  0.418036,  0.418769,  0.416190,  0.410086,  0.412406,  0.400946,  0.388479,  0.378363,  0.371832,  0.099016,  0.051225,  0.024750,  0.010269,  0.004639,  0.003113,  0.004379,  0.007050,  0.002777,  0.004547,  0.005142,  0.004074,  0.004242,  0.009354,  0.017044,  0.032654,  0.046174,  0.252354,  0.312428,  0.325292,  0.337743,  0.371572,  0.301686,  0.295659,  0.295720,  0.360693,  0.360479,  0.356054,  0.329229,  0.341421,  0.326452,  0.324376,  0.317403,  0.312810,  0.305547,  0.304433,  0.308873,  0.306615,  0.309438,  0.307149,  0.311513,  0.303777,  0.304341,  0.306264,  0.315206,  0.311269,  0.306691,  0.302678,  0.306798,  0.307668,  0.297169,  0.294759,  0.295232,  0.285054,  0.280018,  0.272694,  0.265003,  0.266453,  0.264530,  0.257618,  0.253834,  0.247196,  0.236347,  0.253742,  0.254154,  0.244999,  0.236286,  0.185748,  0.183154,  0.156313,  0.165423,  0.164950,  0.176318,  0.185641,  0.172763,  0.157900,  0.145785,  0.169314,  0.150195,  0.148043,  0.102373,  0.126741,  0.148943,  0.126452,  0.098604,  0.079454,  0.060472,  0.025498
 353,  243,  330892.2819,  6524897.5000,  -31.39820759,  151.22130595,  0.114917,  0.100475,  0.097748,  0.097181,  0.104139,  0.108140,  0.105314,  0.101634,  0.100426,  0.101100,  0.102233,  0.100130,  0.103498,  0.101478,  0.105051,  0.100664,  0.105651,  0.107934,  0.110029,  0.113381,  0.112477,  0.114884,  0.120750,  0.122401,  0.122943,  0.127132,  0.126401,  0.127773,  0.133064,  0.137179,  0.138485,  0.136933,  0.141968,  0.142289,  0.144729,  0.154135,  0.169324,  0.171394,  0.175625,  0.202520,  0.210570,  0.204705,  0.196638,  0.252885,  0.225242,  0.234788,  0.236086,  0.227789,  0.248498,  0.257304,  0.254741,  0.255423,  0.255703,  0.261379,  0.257880,  0.252178,  0.267540,  0.260484,  0.196811,  0.263507,  0.283625,  0.267109,  0.296345,  0.302602,  0.302342,  0.299245,  0.303746,  0.300511,  0.297871,  0.306249,  0.318746,  0.330007,  0.334630,  0.338521,  0.349401,  0.353674,  0.344259,  0.301732,  0.318563,  0.335042,  0.330510,  0.350118,  0.352239,  0.362814,  0.374975,  0.384985,  0.390448,  0.385489,  0.390951,  0.409293,  0.437613,  0.427558,  0.411688,  0.412726,  0.406714,  0.410742,  0.404791,  0.395682,  0.321584,  0.005859,  0.000656,  0.000259,  0.000977,  0.005249,  0.016526,  0.033967,  0.046876,  0.081804,  0.330648,  0.301869,  0.326497,  0.362432,  0.373953,  0.391058,  0.395056,  0.386664,  0.385519,  0.387823,  0.393393,  0.395941,  0.401373,  0.406622,  0.403113,  0.401266,  0.401190,  0.403922,  0.404623,  0.406287,  0.403784,  0.405234,  0.405478,  0.405768,  0.407752,  0.415656,  0.417472,  0.414633,  0.408362,  0.409674,  0.397665,  0.389151,  0.377935,  0.375692,  0.087175,  0.040528,  0.018769,  0.010163,  0.003540,  0.002396,  0.002884,  0.002976,  0.001221,  0.001434,  0.004211,  0.002319,  0.002136,  0.005829,  0.013458,  0.025666,  0.036866,  0.264607,  0.323049,  0.346716,  0.365759,  0.402655,  0.345403,  0.309773,  0.327611,  0.378347,  0.387900,  0.395193,  0.374105,  0.382071,  0.365515,  0.371160,  0.367132,  0.357259,  0.348028,  0.348302,  0.353429,  0.349554,  0.351308,  0.356039,  0.354025,  0.344305,  0.347494,  0.346395,  0.353063,  0.345510,  0.344137,  0.334783,  0.344121,  0.342245,  0.337957,  0.341054,  0.330800,  0.319982,  0.320058,  0.319142,  0.308873,  0.308705,  0.314153,  0.307454,  0.302495,  0.300877,  0.275868,  0.301289,  0.302083,  0.289311,  0.281071,  0.212680,  0.222660,  0.189395,  0.190570,  0.186282,  0.198962,  0.216342,  0.195438,  0.164874,  0.160952,  0.195544,  0.180072,  0.163775,  0.120409,  0.140734,  0.169726,  0.130541,  0.107347,  0.076921,  0.043336,  0.039841
 360,  289,  331102.2862,  6523517.5000,  -31.41068347,  151.22327938,  0.129704,  0.116897,  0.112116,  0.116831,  0.125325,  0.126623,  0.122795,  0.116256,  0.115361,  0.113767,  0.114843,  0.110793,  0.117340,  0.116749,  0.117924,  0.111319,  0.116503,  0.120700,  0.119764,  0.123411,  0.122861,  0.126360,  0.133441,  0.135791,  0.137976,  0.141451,  0.140153,  0.141607,  0.146421,  0.149222,  0.150898,  0.149395,  0.153806,  0.153124,  0.155433,  0.165340,  0.178722,  0.178508,  0.182024,  0.210217,  0.218235,  0.210546,  0.201419,  0.258496,  0.228931,  0.238172,  0.238254,  0.229382,  0.248794,  0.257707,  0.253271,  0.252696,  0.252285,  0.256894,  0.253246,  0.245467,  0.259933,  0.251842,  0.190847,  0.257346,  0.272165,  0.261418,  0.287648,  0.297459,  0.293751,  0.290135,  0.297887,  0.291478,  0.288594,  0.294942,  0.305913,  0.315724,  0.319966,  0.323461,  0.334524,  0.335821,  0.328084,  0.282780,  0.304646,  0.317006,  0.311620,  0.330556,  0.331060,  0.339849,  0.351751,  0.360540,  0.366278,  0.360098,  0.362249,  0.380697,  0.408042,  0.397360,  0.381613,  0.381933,  0.377844,  0.382422,  0.375921,  0.371557,  0.313588,  0.005249,  0.001617,  0.000580,  0.001663,  0.004990,  0.012863,  0.026520,  0.038209,  0.067399,  0.318929,  0.282490,  0.312306,  0.339956,  0.361028,  0.373602,  0.377752,  0.371069,  0.369009,  0.370504,  0.376349,  0.378698,  0.382452,  0.385992,  0.385504,  0.380957,  0.379965,  0.378637,  0.381918,  0.385061,  0.381247,  0.383032,  0.384970,  0.383597,  0.386847,  0.391028,  0.394614,  0.390692,  0.388571,  0.388220,  0.379126,  0.369192,  0.360525,  0.353552,  0.074830,  0.031647,  0.014984,  0.007660,  0.002701,  0.006683,  0.005249,  0.003754,  0.003708,  0.005035,  0.006012,  0.003540,  0.005539,  0.006516,  0.012497,  0.021988,  0.034455,  0.281514,  0.323659,  0.338430,  0.354772,  0.390173,  0.336461,  0.275090,  0.317235,  0.378897,  0.390738,  0.390692,  0.373358,  0.396139,  0.373480,  0.374365,  0.374899,  0.361440,  0.354376,  0.351934,  0.355688,  0.349187,  0.349706,  0.352346,  0.350637,  0.342092,  0.345953,  0.340185,  0.338125,  0.335515,  0.333715,  0.320073,  0.331212,  0.326345,  0.324315,  0.325750,  0.325185,  0.315953,  0.321202,  0.317968,  0.309163,  0.305653,  0.308995,  0.301030,  0.297765,  0.297765,  0.274388,  0.302571,  0.304143,  0.289204,  0.294881,  0.206165,  0.216831,  0.180728,  0.181247,  0.178088,  0.185519,  0.201526,  0.186450,  0.156893,  0.153216,  0.180835,  0.166445,  0.155825,  0.115145,  0.136477,  0.164508,  0.125719,  0.099977,  0.070283,  0.031357,  0.043442
 413,  312,  332692.3191,  6522827.5000,  -31.41713687,  151.23988278,  0.103457,  0.092910,  0.091694,  0.091308,  0.095423,  0.096951,  0.096590,  0.091669,  0.086839,  0.089476,  0.090355,  0.084892,  0.090420,  0.090692,  0.092647,  0.085566,  0.091341,  0.095604,  0.097559,  0.099465,  0.102923,  0.105988,  0.113348,  0.115804,  0.118729,  0.124742,  0.124085,  0.126878,  0.133203,  0.136070,  0.136834,  0.136399,  0.140153,  0.140391,  0.141936,  0.153461,  0.171254,  0.174302,  0.184193,  0.214522,  0.224766,  0.217931,  0.209839,  0.266842,  0.236924,  0.243701,  0.242871,  0.234804,  0.251562,  0.259021,  0.255037,  0.254963,  0.252934,  0.257017,  0.253337,  0.246469,  0.257173,  0.250199,  0.193377,  0.256089,  0.267310,  0.247929,  0.277302,  0.286976,  0.286229,  0.284199,  0.288762,  0.290562,  0.288319,  0.295842,  0.307912,  0.320058,  0.324865,  0.327428,  0.339620,  0.340078,  0.328832,  0.282017,  0.303456,  0.321508,  0.316258,  0.335210,  0.333837,  0.344457,  0.353231,  0.363836,  0.372183,  0.368139,  0.370077,  0.389838,  0.418387,  0.409323,  0.395117,  0.394598,  0.387030,  0.388128,  0.377539,  0.367910,  0.273869,  0.003769,  0.002060,  0.001801,  0.002472,  0.005951,  0.016770,  0.032837,  0.042954,  0.074067,  0.291875,  0.259434,  0.282124,  0.318730,  0.332036,  0.344503,  0.348348,  0.341497,  0.343771,  0.344182,  0.348104,  0.350011,  0.355337,  0.358831,  0.356573,  0.356374,  0.357290,  0.355001,  0.353750,  0.356817,  0.356435,  0.357000,  0.358785,  0.358007,  0.358557,  0.361196,  0.363104,  0.361181,  0.352575,  0.354223,  0.344717,  0.333974,  0.323674,  0.314824,  0.077302,  0.035264,  0.014633,  0.005264,  0.004242,  0.003067,  0.004257,  0.002884,  0.003967,  0.003021,  0.002716,  0.002243,  0.002365,  0.003861,  0.008682,  0.022736,  0.033585,  0.205570,  0.269856,  0.290501,  0.303120,  0.328222,  0.268711,  0.253788,  0.267506,  0.316854,  0.337423,  0.341146,  0.313863,  0.329458,  0.312673,  0.315785,  0.314931,  0.303273,  0.298695,  0.296010,  0.296345,  0.294743,  0.295216,  0.292348,  0.288426,  0.281636,  0.281971,  0.275181,  0.280964,  0.278325,  0.266026,  0.254124,  0.262715,  0.268864,  0.266682,  0.262547,  0.271519,  0.264973,  0.264363,  0.261021,  0.259648,  0.257572,  0.250462,  0.247196,  0.252461,  0.241840,  0.219272,  0.246433,  0.253040,  0.234211,  0.223804,  0.169726,  0.176135,  0.145022,  0.147189,  0.143572,  0.154421,  0.165209,  0.155398,  0.136721,  0.132647,  0.151873,  0.138552,  0.136919,  0.087968,  0.110369,  0.139559,  0.119753,  0.083421,  0.049592,  0.039689,  0.030121
 417,  314,  332812.3215,  6522767.5000,  -31.41769531,  151.24113463,  0.095218,  0.080620,  0.085262,  0.085796,  0.092228,  0.091727,  0.090166,  0.087397,  0.081072,  0.083619,  0.084662,  0.081754,  0.086157,  0.085960,  0.088120,  0.083610,  0.086633,  0.090404,  0.092877,  0.096220,  0.097091,  0.101642,  0.110875,  0.114909,  0.117102,  0.123189,  0.124734,  0.126024,  0.131905,  0.136793,  0.138140,  0.136185,  0.142289,  0.141656,  0.143866,  0.155572,  0.173283,  0.177358,  0.189787,  0.216009,  0.228298,  0.222564,  0.214686,  0.273652,  0.242567,  0.250133,  0.250125,  0.240045,  0.258159,  0.265552,  0.261716,  0.261675,  0.261133,  0.265486,  0.259449,  0.253279,  0.265905,  0.256163,  0.197295,  0.263392,  0.277012,  0.257649,  0.284611,  0.289250,  0.292287,  0.293462,  0.296300,  0.295232,  0.295979,  0.302770,  0.313954,  0.324742,  0.330220,  0.333227,  0.342840,  0.345968,  0.334005,  0.288777,  0.312337,  0.329152,  0.322972,  0.339147,  0.336751,  0.347356,  0.360220,  0.366445,  0.374289,  0.370367,  0.371313,  0.389807,  0.418997,  0.409964,  0.396384,  0.396368,  0.390951,  0.393088,  0.379156,  0.369985,  0.276036,  0.005692,  0.001633,  0.000946,  0.003799,  0.007431,  0.017853,  0.034760,  0.047013,  0.076295,  0.294835,  0.265171,  0.290303,  0.325383,  0.337331,  0.353796,  0.357305,  0.348455,  0.346502,  0.351049,  0.353857,  0.357168,  0.362295,  0.366003,  0.363973,  0.362402,  0.363348,  0.361379,  0.363485,  0.365927,  0.364385,  0.364935,  0.365316,  0.367208,  0.367102,  0.370672,  0.371557,  0.370794,  0.363394,  0.363119,  0.351598,  0.348074,  0.339239,  0.327306,  0.080613,  0.041962,  0.019272,  0.005020,  0.003067,  0.005173,  0.003799,  0.001678,  0.006409,  0.004913,  0.004150,  0.002274,  0.003845,  0.005936,  0.011475,  0.022965,  0.038804,  0.230442,  0.283040,  0.303517,  0.318029,  0.344015,  0.274998,  0.275059,  0.288701,  0.337514,  0.348959,  0.355276,  0.329091,  0.341405,  0.329213,  0.335195,  0.327306,  0.318105,  0.317372,  0.315221,  0.314534,  0.311391,  0.316594,  0.318776,  0.310567,  0.299565,  0.300786,  0.295705,  0.290852,  0.295109,  0.292332,  0.277760,  0.281697,  0.287236,  0.288884,  0.282979,  0.280354,  0.278386,  0.281834,  0.277012,  0.272465,  0.276829,  0.276158,  0.261479,  0.266957,  0.263828,  0.239857,  0.255802,  0.263508,  0.256016,  0.242512,  0.182162,  0.181277,  0.173114,  0.151705,  0.157794,  0.170184,  0.178241,  0.164843,  0.144625,  0.147005,  0.165698,  0.147509,  0.151263,  0.100771,  0.121828,  0.148867,  0.132128,  0.118334,  0.058793,  0.031312,  0.037049
